"key","string","float","integer","datetime","boolean"
key_0,str_0,-500.123456789,-500,2022-08-26 15:29:46.140,true
key_1,str_1,-499.123456789,-499,2022-08-27 15:29:46.141,false
key_2,str_2,-498.123456789,-498,2022-08-28 15:29:46.141,true
key_3,str_3,-497.123456789,-497,2022-08-29 15:29:46.141,false
key_4,str_4,-496.123456789,-496,2022-08-30 15:29:46.141,true
key_5,str_5,-495.123456789,-495,2022-08-31 15:29:46.141,false
key_6,str_6,-494.123456789,-494,2022-09-01 15:29:46.141,true
key_7,str_7,-493.123456789,-493,2022-09-02 15:29:46.141,false
key_8,str_8,-492.123456789,-492,2022-09-03 15:29:46.141,true
key_9,str_9,-491.123456789,-491,2022-09-04 15:29:46.141,false
key_10,str_10,-490.123456789,-490,2022-09-05 15:29:46.141,true
key_11,str_11,-489.123456789,-489,2022-09-06 15:29:46.141,false
key_12,str_12,-488.123456789,-488,2022-09-07 15:29:46.141,true
key_13,str_13,-487.123456789,-487,2022-09-08 15:29:46.141,false
key_14,str_14,-486.123456789,-486,2022-09-09 15:29:46.141,true
key_15,str_15,-485.123456789,-485,2022-09-10 15:29:46.141,false
key_16,str_16,-484.123456789,-484,2022-09-11 15:29:46.141,true
key_17,str_17,-483.123456789,-483,2022-09-12 15:29:46.141,false
key_18,str_18,-482.123456789,-482,2022-09-13 15:29:46.141,true
key_19,str_19,-481.123456789,-481,2022-09-14 15:29:46.141,false
key_20,str_20,-480.123456789,-480,2022-09-15 15:29:46.141,true
key_21,str_21,-479.123456789,-479,2022-09-16 15:29:46.141,false
key_22,str_22,-478.123456789,-478,2022-09-17 15:29:46.141,true
key_23,str_23,-477.123456789,-477,2022-09-18 15:29:46.141,false
key_24,str_24,-476.123456789,-476,2022-09-19 15:29:46.141,true
key_25,str_25,-475.123456789,-475,2022-09-20 15:29:46.141,false
key_26,str_26,-474.123456789,-474,2022-09-21 15:29:46.141,true
key_27,str_27,-473.123456789,-473,2022-09-22 15:29:46.141,false
key_28,str_28,-472.123456789,-472,2022-09-23 15:29:46.141,true
key_29,str_29,-471.123456789,-471,2022-09-24 15:29:46.141,false
key_30,str_30,-470.123456789,-470,2022-09-25 15:29:46.141,true
key_31,str_31,-469.123456789,-469,2022-09-26 15:29:46.141,false
key_32,str_32,-468.123456789,-468,2022-09-27 15:29:46.141,true
key_33,str_33,-467.123456789,-467,2022-09-28 15:29:46.141,false
key_34,str_34,-466.123456789,-466,2022-09-29 15:29:46.141,true
key_35,str_35,-465.123456789,-465,2022-09-30 15:29:46.141,false
key_36,str_36,-464.123456789,-464,2022-10-01 15:29:46.141,true
key_37,str_37,-463.123456789,-463,2022-10-02 15:29:46.141,false
key_38,str_38,-462.123456789,-462,2022-10-03 15:29:46.141,true
key_39,str_39,-461.123456789,-461,2022-10-04 15:29:46.141,false
key_40,str_40,-460.123456789,-460,2022-10-05 15:29:46.141,true
key_41,str_41,-459.123456789,-459,2022-10-06 15:29:46.141,false
key_42,str_42,-458.123456789,-458,2022-10-07 15:29:46.141,true
key_43,str_43,-457.123456789,-457,2022-10-08 15:29:46.141,false
key_44,str_44,-456.123456789,-456,2022-10-09 15:29:46.141,true
key_45,str_45,-455.123456789,-455,2022-10-10 15:29:46.141,false
key_46,str_46,-454.123456789,-454,2022-10-11 15:29:46.141,true
key_47,str_47,-453.123456789,-453,2022-10-12 15:29:46.141,false
key_48,str_48,-452.123456789,-452,2022-10-13 15:29:46.141,true
key_49,str_49,-451.123456789,-451,2022-10-14 15:29:46.141,false
key_50,str_50,-450.123456789,-450,2022-10-15 15:29:46.141,true
key_51,str_51,-449.123456789,-449,2022-10-16 15:29:46.141,false
key_52,str_52,-448.123456789,-448,2022-10-17 15:29:46.141,true
key_53,str_53,-447.123456789,-447,2022-10-18 15:29:46.141,false
key_54,str_54,-446.123456789,-446,2022-10-19 15:29:46.141,true
key_55,str_55,-445.123456789,-445,2022-10-20 15:29:46.141,false
key_56,str_56,-444.123456789,-444,2022-10-21 15:29:46.141,true
key_57,str_57,-443.123456789,-443,2022-10-22 15:29:46.141,false
key_58,str_58,-442.123456789,-442,2022-10-23 15:29:46.141,true
key_59,str_59,-441.123456789,-441,2022-10-24 15:29:46.141,false
key_60,str_60,-440.123456789,-440,2022-10-25 15:29:46.141,true
key_61,str_61,-439.123456789,-439,2022-10-26 15:29:46.141,false
key_62,str_62,-438.123456789,-438,2022-10-27 15:29:46.141,true
key_63,str_63,-437.123456789,-437,2022-10-28 15:29:46.141,false
key_64,str_64,-436.123456789,-436,2022-10-29 15:29:46.141,true
key_65,str_65,-435.123456789,-435,2022-10-30 15:29:46.141,false
key_66,str_66,-434.123456789,-434,2022-10-31 15:29:46.141,true
key_67,str_67,-433.123456789,-433,2022-11-01 15:29:46.141,false
key_68,str_68,-432.123456789,-432,2022-11-02 15:29:46.141,true
key_69,str_69,-431.123456789,-431,2022-11-03 15:29:46.141,false
key_70,str_70,-430.123456789,-430,2022-11-04 15:29:46.141,true
key_71,str_71,-429.123456789,-429,2022-11-05 15:29:46.141,false
key_72,str_72,-428.123456789,-428,2022-11-06 15:29:46.141,true
key_73,str_73,-427.123456789,-427,2022-11-07 15:29:46.141,false
key_74,str_74,-426.123456789,-426,2022-11-08 15:29:46.141,true
key_75,str_75,-425.123456789,-425,2022-11-09 15:29:46.141,false
key_76,str_76,-424.123456789,-424,2022-11-10 15:29:46.141,true
key_77,str_77,-423.123456789,-423,2022-11-11 15:29:46.141,false
key_78,str_78,-422.123456789,-422,2022-11-12 15:29:46.141,true
key_79,str_79,-421.123456789,-421,2022-11-13 15:29:46.141,false
key_80,str_80,-420.123456789,-420,2022-11-14 15:29:46.141,true
key_81,str_81,-419.123456789,-419,2022-11-15 15:29:46.141,false
key_82,str_82,-418.123456789,-418,2022-11-16 15:29:46.141,true
key_83,str_83,-417.123456789,-417,2022-11-17 15:29:46.141,false
key_84,str_84,-416.123456789,-416,2022-11-18 15:29:46.141,true
key_85,str_85,-415.123456789,-415,2022-11-19 15:29:46.141,false
key_86,str_86,-414.123456789,-414,2022-11-20 15:29:46.142,true
key_87,str_87,-413.123456789,-413,2022-11-21 15:29:46.142,false
key_88,str_88,-412.123456789,-412,2022-11-22 15:29:46.142,true
key_89,str_89,-411.123456789,-411,2022-11-23 15:29:46.142,false
key_90,str_90,-410.123456789,-410,2022-11-24 15:29:46.142,true
key_91,str_91,-409.123456789,-409,2022-11-25 15:29:46.142,false
key_92,str_92,-408.123456789,-408,2022-11-26 15:29:46.142,true
key_93,str_93,-407.123456789,-407,2022-11-27 15:29:46.142,false
key_94,str_94,-406.123456789,-406,2022-11-28 15:29:46.142,true
key_95,str_95,-405.123456789,-405,2022-11-29 15:29:46.142,false
key_96,str_96,-404.123456789,-404,2022-11-30 15:29:46.142,true
key_97,str_97,-403.123456789,-403,2022-12-01 15:29:46.142,false
key_98,str_98,-402.123456789,-402,2022-12-02 15:29:46.142,true
key_99,str_99,-401.123456789,-401,2022-12-03 15:29:46.142,false
key_100,str_100,-400.123456789,-400,2022-12-04 15:29:46.142,true
key_101,str_101,-399.123456789,-399,2022-12-05 15:29:46.142,false
key_102,str_102,-398.123456789,-398,2022-12-06 15:29:46.142,true
key_103,str_103,-397.123456789,-397,2022-12-07 15:29:46.142,false
key_104,str_104,-396.123456789,-396,2022-12-08 15:29:46.142,true
key_105,str_105,-395.123456789,-395,2022-12-09 15:29:46.142,false
key_106,str_106,-394.123456789,-394,2022-12-10 15:29:46.142,true
key_107,str_107,-393.123456789,-393,2022-12-11 15:29:46.142,false
key_108,str_108,-392.123456789,-392,2022-12-12 15:29:46.142,true
key_109,str_109,-391.123456789,-391,2022-12-13 15:29:46.142,false
key_110,str_110,-390.123456789,-390,2022-12-14 15:29:46.142,true
key_111,str_111,-389.123456789,-389,2022-12-15 15:29:46.142,false
key_112,str_112,-388.123456789,-388,2022-12-16 15:29:46.142,true
key_113,str_113,-387.123456789,-387,2022-12-17 15:29:46.142,false
key_114,str_114,-386.123456789,-386,2022-12-18 15:29:46.142,true
key_115,str_115,-385.123456789,-385,2022-12-19 15:29:46.142,false
key_116,str_116,-384.123456789,-384,2022-12-20 15:29:46.142,true
key_117,str_117,-383.123456789,-383,2022-12-21 15:29:46.142,false
key_118,str_118,-382.123456789,-382,2022-12-22 15:29:46.142,true
key_119,str_119,-381.123456789,-381,2022-12-23 15:29:46.142,false
key_120,str_120,-380.123456789,-380,2022-12-24 15:29:46.142,true
key_121,str_121,-379.123456789,-379,2022-12-25 15:29:46.142,false
key_122,str_122,-378.123456789,-378,2022-12-26 15:29:46.142,true
key_123,str_123,-377.123456789,-377,2022-12-27 15:29:46.142,false
key_124,str_124,-376.123456789,-376,2022-12-28 15:29:46.142,true
key_125,str_125,-375.123456789,-375,2022-12-29 15:29:46.142,false
key_126,str_126,-374.123456789,-374,2022-12-30 15:29:46.142,true
key_127,str_127,-373.123456789,-373,2022-12-31 15:29:46.142,false
key_128,str_128,-372.123456789,-372,2023-01-01 15:29:46.142,true
key_129,str_129,-371.123456789,-371,2023-01-02 15:29:46.142,false
key_130,str_130,-370.123456789,-370,2023-01-03 15:29:46.142,true
key_131,str_131,-369.123456789,-369,2023-01-04 15:29:46.142,false
key_132,str_132,-368.123456789,-368,2023-01-05 15:29:46.142,true
key_133,str_133,-367.123456789,-367,2023-01-06 15:29:46.142,false
key_134,str_134,-366.123456789,-366,2023-01-07 15:29:46.142,true
key_135,str_135,-365.123456789,-365,2023-01-08 15:29:46.142,false
key_136,str_136,-364.123456789,-364,2023-01-09 15:29:46.142,true
key_137,str_137,-363.123456789,-363,2023-01-10 15:29:46.142,false
key_138,str_138,-362.123456789,-362,2023-01-11 15:29:46.142,true
key_139,str_139,-361.123456789,-361,2023-01-12 15:29:46.142,false
key_140,str_140,-360.123456789,-360,2023-01-13 15:29:46.142,true
key_141,str_141,-359.123456789,-359,2023-01-14 15:29:46.142,false
key_142,str_142,-358.123456789,-358,2023-01-15 15:29:46.142,true
key_143,str_143,-357.123456789,-357,2023-01-16 15:29:46.142,false
key_144,str_144,-356.123456789,-356,2023-01-17 15:29:46.142,true
key_145,str_145,-355.123456789,-355,2023-01-18 15:29:46.142,false
key_146,str_146,-354.123456789,-354,2023-01-19 15:29:46.142,true
key_147,str_147,-353.123456789,-353,2023-01-20 15:29:46.142,false
key_148,str_148,-352.123456789,-352,2023-01-21 15:29:46.142,true
key_149,str_149,-351.123456789,-351,2023-01-22 15:29:46.142,false
key_150,str_150,-350.123456789,-350,2023-01-23 15:29:46.142,true
key_151,str_151,-349.123456789,-349,2023-01-24 15:29:46.142,false
key_152,str_152,-348.123456789,-348,2023-01-25 15:29:46.142,true
key_153,str_153,-347.123456789,-347,2023-01-26 15:29:46.142,false
key_154,str_154,-346.123456789,-346,2023-01-27 15:29:46.142,true
key_155,str_155,-345.123456789,-345,2023-01-28 15:29:46.142,false
key_156,str_156,-344.123456789,-344,2023-01-29 15:29:46.142,true
key_157,str_157,-343.123456789,-343,2023-01-30 15:29:46.142,false
key_158,str_158,-342.123456789,-342,2023-01-31 15:29:46.142,true
key_159,str_159,-341.123456789,-341,2023-02-01 15:29:46.142,false
key_160,str_160,-340.123456789,-340,2023-02-02 15:29:46.142,true
key_161,str_161,-339.123456789,-339,2023-02-03 15:29:46.142,false
key_162,str_162,-338.123456789,-338,2023-02-04 15:29:46.142,true
key_163,str_163,-337.123456789,-337,2023-02-05 15:29:46.142,false
key_164,str_164,-336.123456789,-336,2023-02-06 15:29:46.142,true
key_165,str_165,-335.123456789,-335,2023-02-07 15:29:46.142,false
key_166,str_166,-334.123456789,-334,2023-02-08 15:29:46.142,true
key_167,str_167,-333.123456789,-333,2023-02-09 15:29:46.142,false
key_168,str_168,-332.123456789,-332,2023-02-10 15:29:46.142,true
key_169,str_169,-331.123456789,-331,2023-02-11 15:29:46.142,false
key_170,str_170,-330.123456789,-330,2023-02-12 15:29:46.142,true
key_171,str_171,-329.123456789,-329,2023-02-13 15:29:46.142,false
key_172,str_172,-328.123456789,-328,2023-02-14 15:29:46.142,true
key_173,str_173,-327.123456789,-327,2023-02-15 15:29:46.142,false
key_174,str_174,-326.123456789,-326,2023-02-16 15:29:46.142,true
key_175,str_175,-325.123456789,-325,2023-02-17 15:29:46.142,false
key_176,str_176,-324.123456789,-324,2023-02-18 15:29:46.142,true
key_177,str_177,-323.123456789,-323,2023-02-19 15:29:46.142,false
key_178,str_178,-322.123456789,-322,2023-02-20 15:29:46.142,true
key_179,str_179,-321.123456789,-321,2023-02-21 15:29:46.142,false
key_180,str_180,-320.123456789,-320,2023-02-22 15:29:46.142,true
key_181,str_181,-319.123456789,-319,2023-02-23 15:29:46.142,false
key_182,str_182,-318.123456789,-318,2023-02-24 15:29:46.142,true
key_183,str_183,-317.123456789,-317,2023-02-25 15:29:46.142,false
key_184,str_184,-316.123456789,-316,2023-02-26 15:29:46.142,true
key_185,str_185,-315.123456789,-315,2023-02-27 15:29:46.142,false
key_186,str_186,-314.123456789,-314,2023-02-28 15:29:46.142,true
key_187,str_187,-313.123456789,-313,2023-03-01 15:29:46.142,false
key_188,str_188,-312.123456789,-312,2023-03-02 15:29:46.142,true
key_189,str_189,-311.123456789,-311,2023-03-03 15:29:46.142,false
key_190,str_190,-310.123456789,-310,2023-03-04 15:29:46.142,true
key_191,str_191,-309.123456789,-309,2023-03-05 15:29:46.142,false
key_192,str_192,-308.123456789,-308,2023-03-06 15:29:46.142,true
key_193,str_193,-307.123456789,-307,2023-03-07 15:29:46.142,false
key_194,str_194,-306.123456789,-306,2023-03-08 15:29:46.142,true
key_195,str_195,-305.123456789,-305,2023-03-09 15:29:46.142,false
key_196,str_196,-304.123456789,-304,2023-03-10 15:29:46.142,true
key_197,str_197,-303.123456789,-303,2023-03-11 15:29:46.142,false
key_198,str_198,-302.123456789,-302,2023-03-12 15:29:46.142,true
key_199,str_199,-301.123456789,-301,2023-03-13 15:29:46.142,false
key_200,str_200,-300.123456789,-300,2023-03-14 15:29:46.142,true
key_201,str_201,-299.123456789,-299,2023-03-15 15:29:46.143,false
key_202,str_202,-298.123456789,-298,2023-03-16 15:29:46.143,true
key_203,str_203,-297.123456789,-297,2023-03-17 15:29:46.143,false
key_204,str_204,-296.123456789,-296,2023-03-18 15:29:46.143,true
key_205,str_205,-295.123456789,-295,2023-03-19 15:29:46.143,false
key_206,str_206,-294.123456789,-294,2023-03-20 15:29:46.143,true
key_207,str_207,-293.123456789,-293,2023-03-21 15:29:46.143,false
key_208,str_208,-292.123456789,-292,2023-03-22 15:29:46.143,true
key_209,str_209,-291.123456789,-291,2023-03-23 15:29:46.143,false
key_210,str_210,-290.123456789,-290,2023-03-24 15:29:46.143,true
key_211,str_211,-289.123456789,-289,2023-03-25 15:29:46.143,false
key_212,str_212,-288.123456789,-288,2023-03-26 15:29:46.143,true
key_213,str_213,-287.123456789,-287,2023-03-27 15:29:46.143,false
key_214,str_214,-286.123456789,-286,2023-03-28 15:29:46.143,true
key_215,str_215,-285.123456789,-285,2023-03-29 15:29:46.143,false
key_216,str_216,-284.123456789,-284,2023-03-30 15:29:46.143,true
key_217,str_217,-283.123456789,-283,2023-03-31 15:29:46.143,false
key_218,str_218,-282.123456789,-282,2023-04-01 15:29:46.143,true
key_219,str_219,-281.123456789,-281,2023-04-02 15:29:46.143,false
key_220,str_220,-280.123456789,-280,2023-04-03 15:29:46.143,true
key_221,str_221,-279.123456789,-279,2023-04-04 15:29:46.143,false
key_222,str_222,-278.123456789,-278,2023-04-05 15:29:46.143,true
key_223,str_223,-277.123456789,-277,2023-04-06 15:29:46.143,false
key_224,str_224,-276.123456789,-276,2023-04-07 15:29:46.143,true
key_225,str_225,-275.123456789,-275,2023-04-08 15:29:46.143,false
key_226,str_226,-274.123456789,-274,2023-04-09 15:29:46.143,true
key_227,str_227,-273.123456789,-273,2023-04-10 15:29:46.143,false
key_228,str_228,-272.123456789,-272,2023-04-11 15:29:46.143,true
key_229,str_229,-271.123456789,-271,2023-04-12 15:29:46.143,false
key_230,str_230,-270.123456789,-270,2023-04-13 15:29:46.143,true
key_231,str_231,-269.123456789,-269,2023-04-14 15:29:46.143,false
key_232,str_232,-268.123456789,-268,2023-04-15 15:29:46.143,true
key_233,str_233,-267.123456789,-267,2023-04-16 15:29:46.143,false
key_234,str_234,-266.123456789,-266,2023-04-17 15:29:46.143,true
key_235,str_235,-265.123456789,-265,2023-04-18 15:29:46.143,false
key_236,str_236,-264.123456789,-264,2023-04-19 15:29:46.143,true
key_237,str_237,-263.123456789,-263,2023-04-20 15:29:46.143,false
key_238,str_238,-262.123456789,-262,2023-04-21 15:29:46.143,true
key_239,str_239,-261.123456789,-261,2023-04-22 15:29:46.143,false
key_240,str_240,-260.123456789,-260,2023-04-23 15:29:46.143,true
key_241,str_241,-259.123456789,-259,2023-04-24 15:29:46.143,false
key_242,str_242,-258.123456789,-258,2023-04-25 15:29:46.143,true
key_243,str_243,-257.123456789,-257,2023-04-26 15:29:46.143,false
key_244,str_244,-256.123456789,-256,2023-04-27 15:29:46.143,true
key_245,str_245,-255.123456789,-255,2023-04-28 15:29:46.143,false
key_246,str_246,-254.123456789,-254,2023-04-29 15:29:46.143,true
key_247,str_247,-253.123456789,-253,2023-04-30 15:29:46.143,false
key_248,str_248,-252.123456789,-252,2023-05-01 15:29:46.143,true
key_249,str_249,-251.123456789,-251,2023-05-02 15:29:46.143,false
key_250,str_250,-250.123456789,-250,2023-05-03 15:29:46.143,true
key_251,str_251,-249.123456789,-249,2023-05-04 15:29:46.143,false
key_252,str_252,-248.123456789,-248,2023-05-05 15:29:46.143,true
key_253,str_253,-247.123456789,-247,2023-05-06 15:29:46.143,false
key_254,str_254,-246.123456789,-246,2023-05-07 15:29:46.143,true
key_255,str_255,-245.123456789,-245,2023-05-08 15:29:46.143,false
key_256,str_256,-244.123456789,-244,2023-05-09 15:29:46.143,true
key_257,str_257,-243.123456789,-243,2023-05-10 15:29:46.143,false
key_258,str_258,-242.123456789,-242,2023-05-11 15:29:46.143,true
key_259,str_259,-241.123456789,-241,2023-05-12 15:29:46.143,false
key_260,str_260,-240.123456789,-240,2023-05-13 15:29:46.143,true
key_261,str_261,-239.123456789,-239,2023-05-14 15:29:46.143,false
key_262,str_262,-238.123456789,-238,2023-05-15 15:29:46.143,true
key_263,str_263,-237.123456789,-237,2023-05-16 15:29:46.143,false
key_264,str_264,-236.123456789,-236,2023-05-17 15:29:46.143,true
key_265,str_265,-235.123456789,-235,2023-05-18 15:29:46.143,false
key_266,str_266,-234.123456789,-234,2023-05-19 15:29:46.143,true
key_267,str_267,-233.123456789,-233,2023-05-20 15:29:46.143,false
key_268,str_268,-232.123456789,-232,2023-05-21 15:29:46.143,true
key_269,str_269,-231.123456789,-231,2023-05-22 15:29:46.143,false
key_270,str_270,-230.123456789,-230,2023-05-23 15:29:46.143,true
key_271,str_271,-229.123456789,-229,2023-05-24 15:29:46.143,false
key_272,str_272,-228.123456789,-228,2023-05-25 15:29:46.143,true
key_273,str_273,-227.123456789,-227,2023-05-26 15:29:46.143,false
key_274,str_274,-226.123456789,-226,2023-05-27 15:29:46.143,true
key_275,str_275,-225.123456789,-225,2023-05-28 15:29:46.143,false
key_276,str_276,-224.123456789,-224,2023-05-29 15:29:46.143,true
key_277,str_277,-223.123456789,-223,2023-05-30 15:29:46.143,false
key_278,str_278,-222.123456789,-222,2023-05-31 15:29:46.143,true
key_279,str_279,-221.123456789,-221,2023-06-01 15:29:46.143,false
key_280,str_280,-220.123456789,-220,2023-06-02 15:29:46.143,true
key_281,str_281,-219.123456789,-219,2023-06-03 15:29:46.143,false
key_282,str_282,-218.123456789,-218,2023-06-04 15:29:46.143,true
key_283,str_283,-217.123456789,-217,2023-06-05 15:29:46.143,false
key_284,str_284,-216.123456789,-216,2023-06-06 15:29:46.143,true
key_285,str_285,-215.123456789,-215,2023-06-07 15:29:46.143,false
key_286,str_286,-214.123456789,-214,2023-06-08 15:29:46.143,true
key_287,str_287,-213.123456789,-213,2023-06-09 15:29:46.143,false
key_288,str_288,-212.123456789,-212,2023-06-10 15:29:46.143,true
key_289,str_289,-211.123456789,-211,2023-06-11 15:29:46.143,false
key_290,str_290,-210.123456789,-210,2023-06-12 15:29:46.143,true
key_291,str_291,-209.123456789,-209,2023-06-13 15:29:46.143,false
key_292,str_292,-208.123456789,-208,2023-06-14 15:29:46.143,true
key_293,str_293,-207.123456789,-207,2023-06-15 15:29:46.143,false
key_294,str_294,-206.123456789,-206,2023-06-16 15:29:46.143,true
key_295,str_295,-205.123456789,-205,2023-06-17 15:29:46.143,false
key_296,str_296,-204.123456789,-204,2023-06-18 15:29:46.143,true
key_297,str_297,-203.123456789,-203,2023-06-19 15:29:46.143,false
key_298,str_298,-202.123456789,-202,2023-06-20 15:29:46.143,true
key_299,str_299,-201.123456789,-201,2023-06-21 15:29:46.143,false
key_300,str_300,-200.123456789,-200,2023-06-22 15:29:46.143,true
key_301,str_301,-199.123456789,-199,2023-06-23 15:29:46.143,false
key_302,str_302,-198.123456789,-198,2023-06-24 15:29:46.143,true
key_303,str_303,-197.123456789,-197,2023-06-25 15:29:46.143,false
key_304,str_304,-196.123456789,-196,2023-06-26 15:29:46.143,true
key_305,str_305,-195.123456789,-195,2023-06-27 15:29:46.143,false
key_306,str_306,-194.123456789,-194,2023-06-28 15:29:46.143,true
key_307,str_307,-193.123456789,-193,2023-06-29 15:29:46.143,false
key_308,str_308,-192.123456789,-192,2023-06-30 15:29:46.143,true
key_309,str_309,-191.123456789,-191,2023-07-01 15:29:46.143,false
key_310,str_310,-190.123456789,-190,2023-07-02 15:29:46.143,true
key_311,str_311,-189.123456789,-189,2023-07-03 15:29:46.143,false
key_312,str_312,-188.123456789,-188,2023-07-04 15:29:46.143,true
key_313,str_313,-187.123456789,-187,2023-07-05 15:29:46.143,false
key_314,str_314,-186.123456789,-186,2023-07-06 15:29:46.143,true
key_315,str_315,-185.123456789,-185,2023-07-07 15:29:46.143,false
key_316,str_316,-184.123456789,-184,2023-07-08 15:29:46.143,true
key_317,str_317,-183.123456789,-183,2023-07-09 15:29:46.143,false
key_318,str_318,-182.123456789,-182,2023-07-10 15:29:46.143,true
key_319,str_319,-181.123456789,-181,2023-07-11 15:29:46.143,false
key_320,str_320,-180.123456789,-180,2023-07-12 15:29:46.143,true
key_321,str_321,-179.123456789,-179,2023-07-13 15:29:46.143,false
key_322,str_322,-178.123456789,-178,2023-07-14 15:29:46.143,true
key_323,str_323,-177.123456789,-177,2023-07-15 15:29:46.143,false
key_324,str_324,-176.123456789,-176,2023-07-16 15:29:46.143,true
key_325,str_325,-175.123456789,-175,2023-07-17 15:29:46.143,false
key_326,str_326,-174.123456789,-174,2023-07-18 15:29:46.143,true
key_327,str_327,-173.123456789,-173,2023-07-19 15:29:46.143,false
key_328,str_328,-172.123456789,-172,2023-07-20 15:29:46.143,true
key_329,str_329,-171.123456789,-171,2023-07-21 15:29:46.143,false
key_330,str_330,-170.123456789,-170,2023-07-22 15:29:46.143,true
key_331,str_331,-169.123456789,-169,2023-07-23 15:29:46.143,false
key_332,str_332,-168.123456789,-168,2023-07-24 15:29:46.143,true
key_333,str_333,-167.123456789,-167,2023-07-25 15:29:46.143,false
key_334,str_334,-166.123456789,-166,2023-07-26 15:29:46.143,true
key_335,str_335,-165.123456789,-165,2023-07-27 15:29:46.143,false
key_336,str_336,-164.123456789,-164,2023-07-28 15:29:46.143,true
key_337,str_337,-163.123456789,-163,2023-07-29 15:29:46.143,false
key_338,str_338,-162.123456789,-162,2023-07-30 15:29:46.143,true
key_339,str_339,-161.123456789,-161,2023-07-31 15:29:46.143,false
key_340,str_340,-160.123456789,-160,2023-08-01 15:29:46.143,true
key_341,str_341,-159.123456789,-159,2023-08-02 15:29:46.143,false
key_342,str_342,-158.123456789,-158,2023-08-03 15:29:46.143,true
key_343,str_343,-157.123456789,-157,2023-08-04 15:29:46.143,false
key_344,str_344,-156.123456789,-156,2023-08-05 15:29:46.143,true
key_345,str_345,-155.123456789,-155,2023-08-06 15:29:46.143,false
key_346,str_346,-154.123456789,-154,2023-08-07 15:29:46.143,true
key_347,str_347,-153.123456789,-153,2023-08-08 15:29:46.143,false
key_348,str_348,-152.123456789,-152,2023-08-09 15:29:46.143,true
key_349,str_349,-151.123456789,-151,2023-08-10 15:29:46.143,false
key_350,str_350,-150.123456789,-150,2023-08-11 15:29:46.143,true
key_351,str_351,-149.123456789,-149,2023-08-12 15:29:46.143,false
key_352,str_352,-148.123456789,-148,2023-08-13 15:29:46.143,true
key_353,str_353,-147.123456789,-147,2023-08-14 15:29:46.143,false
key_354,str_354,-146.123456789,-146,2023-08-15 15:29:46.143,true
key_355,str_355,-145.123456789,-145,2023-08-16 15:29:46.143,false
key_356,str_356,-144.123456789,-144,2023-08-17 15:29:46.143,true
key_357,str_357,-143.123456789,-143,2023-08-18 15:29:46.143,false
key_358,str_358,-142.123456789,-142,2023-08-19 15:29:46.143,true
key_359,str_359,-141.123456789,-141,2023-08-20 15:29:46.143,false
key_360,str_360,-140.123456789,-140,2023-08-21 15:29:46.143,true
key_361,str_361,-139.123456789,-139,2023-08-22 15:29:46.143,false
key_362,str_362,-138.123456789,-138,2023-08-23 15:29:46.143,true
key_363,str_363,-137.123456789,-137,2023-08-24 15:29:46.143,false
key_364,str_364,-136.123456789,-136,2023-08-25 15:29:46.143,true
key_365,str_365,-135.123456789,-135,2023-08-26 15:29:46.143,false
key_366,str_366,-134.123456789,-134,2023-08-27 15:29:46.143,true
key_367,str_367,-133.123456789,-133,2023-08-28 15:29:46.143,false
key_368,str_368,-132.123456789,-132,2023-08-29 15:29:46.143,true
key_369,str_369,-131.123456789,-131,2023-08-30 15:29:46.143,false
key_370,str_370,-130.123456789,-130,2023-08-31 15:29:46.143,true
key_371,str_371,-129.123456789,-129,2023-09-01 15:29:46.143,false
key_372,str_372,-128.123456789,-128,2023-09-02 15:29:46.143,true
key_373,str_373,-127.123456789,-127,2023-09-03 15:29:46.143,false
key_374,str_374,-126.123456789,-126,2023-09-04 15:29:46.143,true
key_375,str_375,-125.123456789,-125,2023-09-05 15:29:46.143,false
key_376,str_376,-124.123456789,-124,2023-09-06 15:29:46.143,true
key_377,str_377,-123.123456789,-123,2023-09-07 15:29:46.143,false
key_378,str_378,-122.123456789,-122,2023-09-08 15:29:46.144,true
key_379,str_379,-121.123456789,-121,2023-09-09 15:29:46.144,false
key_380,str_380,-120.123456789,-120,2023-09-10 15:29:46.144,true
key_381,str_381,-119.123456789,-119,2023-09-11 15:29:46.144,false
key_382,str_382,-118.123456789,-118,2023-09-12 15:29:46.144,true
key_383,str_383,-117.123456789,-117,2023-09-13 15:29:46.144,false
key_384,str_384,-116.123456789,-116,2023-09-14 15:29:46.144,true
key_385,str_385,-115.123456789,-115,2023-09-15 15:29:46.144,false
key_386,str_386,-114.123456789,-114,2023-09-16 15:29:46.144,true
key_387,str_387,-113.123456789,-113,2023-09-17 15:29:46.144,false
key_388,str_388,-112.123456789,-112,2023-09-18 15:29:46.144,true
key_389,str_389,-111.123456789,-111,2023-09-19 15:29:46.144,false
key_390,str_390,-110.123456789,-110,2023-09-20 15:29:46.144,true
key_391,str_391,-109.123456789,-109,2023-09-21 15:29:46.144,false
key_392,str_392,-108.123456789,-108,2023-09-22 15:29:46.144,true
key_393,str_393,-107.123456789,-107,2023-09-23 15:29:46.144,false
key_394,str_394,-106.123456789,-106,2023-09-24 15:29:46.144,true
key_395,str_395,-105.123456789,-105,2023-09-25 15:29:46.144,false
key_396,str_396,-104.123456789,-104,2023-09-26 15:29:46.144,true
key_397,str_397,-103.123456789,-103,2023-09-27 15:29:46.144,false
key_398,str_398,-102.123456789,-102,2023-09-28 15:29:46.144,true
key_399,str_399,-101.123456789,-101,2023-09-29 15:29:46.144,false
key_400,str_400,-100.123456789,-100,2023-09-30 15:29:46.144,true
key_401,str_401,-99.123456789,-99,2023-10-01 15:29:46.144,false
key_402,str_402,-98.123456789,-98,2023-10-02 15:29:46.144,true
key_403,str_403,-97.123456789,-97,2023-10-03 15:29:46.144,false
key_404,str_404,-96.123456789,-96,2023-10-04 15:29:46.144,true
key_405,str_405,-95.123456789,-95,2023-10-05 15:29:46.144,false
key_406,str_406,-94.123456789,-94,2023-10-06 15:29:46.144,true
key_407,str_407,-93.123456789,-93,2023-10-07 15:29:46.144,false
key_408,str_408,-92.123456789,-92,2023-10-08 15:29:46.144,true
key_409,str_409,-91.123456789,-91,2023-10-09 15:29:46.144,false
key_410,str_410,-90.123456789,-90,2023-10-10 15:29:46.144,true
key_411,str_411,-89.123456789,-89,2023-10-11 15:29:46.144,false
key_412,str_412,-88.123456789,-88,2023-10-12 15:29:46.144,true
key_413,str_413,-87.123456789,-87,2023-10-13 15:29:46.144,false
key_414,str_414,-86.123456789,-86,2023-10-14 15:29:46.144,true
key_415,str_415,-85.123456789,-85,2023-10-15 15:29:46.144,false
key_416,str_416,-84.123456789,-84,2023-10-16 15:29:46.144,true
key_417,str_417,-83.123456789,-83,2023-10-17 15:29:46.144,false
key_418,str_418,-82.123456789,-82,2023-10-18 15:29:46.144,true
key_419,str_419,-81.123456789,-81,2023-10-19 15:29:46.144,false
key_420,str_420,-80.123456789,-80,2023-10-20 15:29:46.144,true
key_421,str_421,-79.123456789,-79,2023-10-21 15:29:46.144,false
key_422,str_422,-78.123456789,-78,2023-10-22 15:29:46.144,true
key_423,str_423,-77.123456789,-77,2023-10-23 15:29:46.144,false
key_424,str_424,-76.123456789,-76,2023-10-24 15:29:46.144,true
key_425,str_425,-75.123456789,-75,2023-10-25 15:29:46.144,false
key_426,str_426,-74.123456789,-74,2023-10-26 15:29:46.144,true
key_427,str_427,-73.123456789,-73,2023-10-27 15:29:46.144,false
key_428,str_428,-72.123456789,-72,2023-10-28 15:29:46.144,true
key_429,str_429,-71.123456789,-71,2023-10-29 15:29:46.144,false
key_430,str_430,-70.123456789,-70,2023-10-30 15:29:46.144,true
key_431,str_431,-69.123456789,-69,2023-10-31 15:29:46.144,false
key_432,str_432,-68.123456789,-68,2023-11-01 15:29:46.144,true
key_433,str_433,-67.123456789,-67,2023-11-02 15:29:46.144,false
key_434,str_434,-66.123456789,-66,2023-11-03 15:29:46.144,true
key_435,str_435,-65.123456789,-65,2023-11-04 15:29:46.144,false
key_436,str_436,-64.123456789,-64,2023-11-05 15:29:46.144,true
key_437,str_437,-63.123456789,-63,2023-11-06 15:29:46.144,false
key_438,str_438,-62.123456789,-62,2023-11-07 15:29:46.144,true
key_439,str_439,-61.123456789,-61,2023-11-08 15:29:46.144,false
key_440,str_440,-60.123456789,-60,2023-11-09 15:29:46.144,true
key_441,str_441,-59.123456789,-59,2023-11-10 15:29:46.144,false
key_442,str_442,-58.123456789,-58,2023-11-11 15:29:46.144,true
key_443,str_443,-57.123456789,-57,2023-11-12 15:29:46.144,false
key_444,str_444,-56.123456789,-56,2023-11-13 15:29:46.144,true
key_445,str_445,-55.123456789,-55,2023-11-14 15:29:46.144,false
key_446,str_446,-54.123456789,-54,2023-11-15 15:29:46.144,true
key_447,str_447,-53.123456789,-53,2023-11-16 15:29:46.144,false
key_448,str_448,-52.123456789,-52,2023-11-17 15:29:46.144,true
key_449,str_449,-51.123456789,-51,2023-11-18 15:29:46.144,false
key_450,str_450,-50.123456789,-50,2023-11-19 15:29:46.144,true
key_451,str_451,-49.123456789,-49,2023-11-20 15:29:46.144,false
key_452,str_452,-48.123456789,-48,2023-11-21 15:29:46.144,true
key_453,str_453,-47.123456789,-47,2023-11-22 15:29:46.144,false
key_454,str_454,-46.123456789,-46,2023-11-23 15:29:46.144,true
key_455,str_455,-45.123456789,-45,2023-11-24 15:29:46.144,false
key_456,str_456,-44.123456789,-44,2023-11-25 15:29:46.144,true
key_457,str_457,-43.123456789,-43,2023-11-26 15:29:46.144,false
key_458,str_458,-42.123456789,-42,2023-11-27 15:29:46.144,true
key_459,str_459,-41.123456789,-41,2023-11-28 15:29:46.144,false
key_460,str_460,-40.123456789,-40,2023-11-29 15:29:46.144,true
key_461,str_461,-39.123456789,-39,2023-11-30 15:29:46.144,false
key_462,str_462,-38.123456789,-38,2023-12-01 15:29:46.144,true
key_463,str_463,-37.123456789,-37,2023-12-02 15:29:46.144,false
key_464,str_464,-36.123456789,-36,2023-12-03 15:29:46.144,true
key_465,str_465,-35.123456789,-35,2023-12-04 15:29:46.144,false
key_466,str_466,-34.123456789,-34,2023-12-05 15:29:46.144,true
key_467,str_467,-33.123456789,-33,2023-12-06 15:29:46.144,false
key_468,str_468,-32.123456789,-32,2023-12-07 15:29:46.144,true
key_469,str_469,-31.123456789,-31,2023-12-08 15:29:46.144,false
key_470,str_470,-30.123456789,-30,2023-12-09 15:29:46.144,true
key_471,str_471,-29.123456789,-29,2023-12-10 15:29:46.144,false
key_472,str_472,-28.123456789,-28,2023-12-11 15:29:46.144,true
key_473,str_473,-27.123456789,-27,2023-12-12 15:29:46.144,false
key_474,str_474,-26.123456789,-26,2023-12-13 15:29:46.144,true
key_475,str_475,-25.123456789,-25,2023-12-14 15:29:46.144,false
key_476,str_476,-24.123456789,-24,2023-12-15 15:29:46.144,true
key_477,str_477,-23.123456789,-23,2023-12-16 15:29:46.144,false
key_478,str_478,-22.123456789,-22,2023-12-17 15:29:46.144,true
key_479,str_479,-21.123456789,-21,2023-12-18 15:29:46.144,false
key_480,str_480,-20.123456789,-20,2023-12-19 15:29:46.144,true
key_481,str_481,-19.123456789,-19,2023-12-20 15:29:46.144,false
key_482,str_482,-18.123456789,-18,2023-12-21 15:29:46.144,true
key_483,str_483,-17.123456789,-17,2023-12-22 15:29:46.144,false
key_484,str_484,-16.123456789,-16,2023-12-23 15:29:46.144,true
key_485,str_485,-15.123456789,-15,2023-12-24 15:29:46.144,false
key_486,str_486,-14.123456789,-14,2023-12-25 15:29:46.144,true
key_487,str_487,-13.123456789,-13,2023-12-26 15:29:46.144,false
key_488,str_488,-12.123456789,-12,2023-12-27 15:29:46.144,true
key_489,str_489,-11.123456789,-11,2023-12-28 15:29:46.144,false
key_490,str_490,-10.123456789,-10,2023-12-29 15:29:46.144,true
key_491,str_491,-9.123456789,-9,2023-12-30 15:29:46.144,false
key_492,str_492,-8.123456789,-8,2023-12-31 15:29:46.144,true
key_493,str_493,-7.123456789,-7,2024-01-01 15:29:46.144,false
key_494,str_494,-6.123456789,-6,2024-01-02 15:29:46.144,true
key_495,str_495,-5.123456789,-5,2024-01-03 15:29:46.144,false
key_496,str_496,-4.123456789,-4,2024-01-04 15:29:46.144,true
key_497,str_497,-3.123456789,-3,2024-01-05 15:29:46.144,false
key_498,str_498,-2.123456789,-2,2024-01-06 15:29:46.144,true
key_499,str_499,-1.123456789,-1,2024-01-07 15:29:46.144,false
key_500,str_500,0,0,2024-01-08 15:29:46.144,true
key_501,str_501,1.123456789,1,2024-01-09 15:29:46.144,false
key_502,str_502,2.123456789,2,2024-01-10 15:29:46.144,true
key_503,str_503,3.123456789,3,2024-01-11 15:29:46.144,false
key_504,str_504,4.123456789,4,2024-01-12 15:29:46.144,true
key_505,str_505,5.123456789,5,2024-01-13 15:29:46.144,false
key_506,str_506,6.123456789,6,2024-01-14 15:29:46.144,true
key_507,str_507,7.123456789,7,2024-01-15 15:29:46.144,false
key_508,str_508,8.123456789,8,2024-01-16 15:29:46.144,true
key_509,str_509,9.123456789,9,2024-01-17 15:29:46.144,false
key_510,str_510,10.123456789,10,2024-01-18 15:29:46.144,true
key_511,str_511,11.123456789,11,2024-01-19 15:29:46.144,false
key_512,str_512,12.123456789,12,2024-01-20 15:29:46.144,true
key_513,str_513,13.123456789,13,2024-01-21 15:29:46.144,false
key_514,str_514,14.123456789,14,2024-01-22 15:29:46.144,true
key_515,str_515,15.123456789,15,2024-01-23 15:29:46.144,false
key_516,str_516,16.123456789,16,2024-01-24 15:29:46.144,true
key_517,str_517,17.123456789,17,2024-01-25 15:29:46.144,false
key_518,str_518,18.123456789,18,2024-01-26 15:29:46.144,true
key_519,str_519,19.123456789,19,2024-01-27 15:29:46.144,false
key_520,str_520,20.123456789,20,2024-01-28 15:29:46.144,true
key_521,str_521,21.123456789,21,2024-01-29 15:29:46.144,false
key_522,str_522,22.123456789,22,2024-01-30 15:29:46.144,true
key_523,str_523,23.123456789,23,2024-01-31 15:29:46.144,false
key_524,str_524,24.123456789,24,2024-02-01 15:29:46.144,true
key_525,str_525,25.123456789,25,2024-02-02 15:29:46.144,false
key_526,str_526,26.123456789,26,2024-02-03 15:29:46.144,true
key_527,str_527,27.123456789,27,2024-02-04 15:29:46.144,false
key_528,str_528,28.123456789,28,2024-02-05 15:29:46.144,true
key_529,str_529,29.123456789,29,2024-02-06 15:29:46.144,false
key_530,str_530,30.123456789,30,2024-02-07 15:29:46.144,true
key_531,str_531,31.123456789,31,2024-02-08 15:29:46.144,false
key_532,str_532,32.123456789,32,2024-02-09 15:29:46.144,true
key_533,str_533,33.123456789,33,2024-02-10 15:29:46.144,false
key_534,str_534,34.123456789,34,2024-02-11 15:29:46.145,true
key_535,str_535,35.123456789,35,2024-02-12 15:29:46.145,false
key_536,str_536,36.123456789,36,2024-02-13 15:29:46.145,true
key_537,str_537,37.123456789,37,2024-02-14 15:29:46.145,false
key_538,str_538,38.123456789,38,2024-02-15 15:29:46.145,true
key_539,str_539,39.123456789,39,2024-02-16 15:29:46.145,false
key_540,str_540,40.123456789,40,2024-02-17 15:29:46.145,true
key_541,str_541,41.123456789,41,2024-02-18 15:29:46.145,false
key_542,str_542,42.123456789,42,2024-02-19 15:29:46.145,true
key_543,str_543,43.123456789,43,2024-02-20 15:29:46.145,false
key_544,str_544,44.123456789,44,2024-02-21 15:29:46.145,true
key_545,str_545,45.123456789,45,2024-02-22 15:29:46.145,false
key_546,str_546,46.123456789,46,2024-02-23 15:29:46.145,true
key_547,str_547,47.123456789,47,2024-02-24 15:29:46.145,false
key_548,str_548,48.123456789,48,2024-02-25 15:29:46.145,true
key_549,str_549,49.123456789,49,2024-02-26 15:29:46.145,false
key_550,str_550,50.123456789,50,2024-02-27 15:29:46.145,true
key_551,str_551,51.123456789,51,2024-02-28 15:29:46.145,false
key_552,str_552,52.123456789,52,2024-02-29 15:29:46.145,true
key_553,str_553,53.123456789,53,2024-03-01 15:29:46.145,false
key_554,str_554,54.123456789,54,2024-03-02 15:29:46.145,true
key_555,str_555,55.123456789,55,2024-03-03 15:29:46.145,false
key_556,str_556,56.123456789,56,2024-03-04 15:29:46.145,true
key_557,str_557,57.123456789,57,2024-03-05 15:29:46.145,false
key_558,str_558,58.123456789,58,2024-03-06 15:29:46.145,true
key_559,str_559,59.123456789,59,2024-03-07 15:29:46.145,false
key_560,str_560,60.123456789,60,2024-03-08 15:29:46.145,true
key_561,str_561,61.123456789,61,2024-03-09 15:29:46.145,false
key_562,str_562,62.123456789,62,2024-03-10 15:29:46.145,true
key_563,str_563,63.123456789,63,2024-03-11 15:29:46.145,false
key_564,str_564,64.123456789,64,2024-03-12 15:29:46.145,true
key_565,str_565,65.123456789,65,2024-03-13 15:29:46.145,false
key_566,str_566,66.123456789,66,2024-03-14 15:29:46.145,true
key_567,str_567,67.123456789,67,2024-03-15 15:29:46.145,false
key_568,str_568,68.123456789,68,2024-03-16 15:29:46.145,true
key_569,str_569,69.123456789,69,2024-03-17 15:29:46.145,false
key_570,str_570,70.123456789,70,2024-03-18 15:29:46.145,true
key_571,str_571,71.123456789,71,2024-03-19 15:29:46.145,false
key_572,str_572,72.123456789,72,2024-03-20 15:29:46.145,true
key_573,str_573,73.123456789,73,2024-03-21 15:29:46.145,false
key_574,str_574,74.123456789,74,2024-03-22 15:29:46.145,true
key_575,str_575,75.123456789,75,2024-03-23 15:29:46.145,false
key_576,str_576,76.123456789,76,2024-03-24 15:29:46.145,true
key_577,str_577,77.123456789,77,2024-03-25 15:29:46.145,false
key_578,str_578,78.123456789,78,2024-03-26 15:29:46.145,true
key_579,str_579,79.123456789,79,2024-03-27 15:29:46.145,false
key_580,str_580,80.123456789,80,2024-03-28 15:29:46.145,true
key_581,str_581,81.123456789,81,2024-03-29 15:29:46.145,false
key_582,str_582,82.123456789,82,2024-03-30 15:29:46.145,true
key_583,str_583,83.123456789,83,2024-03-31 15:29:46.145,false
key_584,str_584,84.123456789,84,2024-04-01 15:29:46.145,true
key_585,str_585,85.123456789,85,2024-04-02 15:29:46.145,false
key_586,str_586,86.123456789,86,2024-04-03 15:29:46.145,true
key_587,str_587,87.123456789,87,2024-04-04 15:29:46.145,false
key_588,str_588,88.123456789,88,2024-04-05 15:29:46.145,true
key_589,str_589,89.123456789,89,2024-04-06 15:29:46.145,false
key_590,str_590,90.123456789,90,2024-04-07 15:29:46.145,true
key_591,str_591,91.123456789,91,2024-04-08 15:29:46.145,false
key_592,str_592,92.123456789,92,2024-04-09 15:29:46.145,true
key_593,str_593,93.123456789,93,2024-04-10 15:29:46.145,false
key_594,str_594,94.123456789,94,2024-04-11 15:29:46.145,true
key_595,str_595,95.123456789,95,2024-04-12 15:29:46.145,false
key_596,str_596,96.123456789,96,2024-04-13 15:29:46.145,true
key_597,str_597,97.123456789,97,2024-04-14 15:29:46.145,false
key_598,str_598,98.123456789,98,2024-04-15 15:29:46.145,true
key_599,str_599,99.123456789,99,2024-04-16 15:29:46.145,false
key_600,str_600,100.123456789,100,2024-04-17 15:29:46.145,true
key_601,str_601,101.123456789,101,2024-04-18 15:29:46.145,false
key_602,str_602,102.123456789,102,2024-04-19 15:29:46.145,true
key_603,str_603,103.123456789,103,2024-04-20 15:29:46.145,false
key_604,str_604,104.123456789,104,2024-04-21 15:29:46.145,true
key_605,str_605,105.123456789,105,2024-04-22 15:29:46.145,false
key_606,str_606,106.123456789,106,2024-04-23 15:29:46.145,true
key_607,str_607,107.123456789,107,2024-04-24 15:29:46.145,false
key_608,str_608,108.123456789,108,2024-04-25 15:29:46.145,true
key_609,str_609,109.123456789,109,2024-04-26 15:29:46.145,false
key_610,str_610,110.123456789,110,2024-04-27 15:29:46.145,true
key_611,str_611,111.123456789,111,2024-04-28 15:29:46.145,false
key_612,str_612,112.123456789,112,2024-04-29 15:29:46.145,true
key_613,str_613,113.123456789,113,2024-04-30 15:29:46.145,false
key_614,str_614,114.123456789,114,2024-05-01 15:29:46.145,true
key_615,str_615,115.123456789,115,2024-05-02 15:29:46.145,false
key_616,str_616,116.123456789,116,2024-05-03 15:29:46.145,true
key_617,str_617,117.123456789,117,2024-05-04 15:29:46.145,false
key_618,str_618,118.123456789,118,2024-05-05 15:29:46.145,true
key_619,str_619,119.123456789,119,2024-05-06 15:29:46.145,false
key_620,str_620,120.123456789,120,2024-05-07 15:29:46.145,true
key_621,str_621,121.123456789,121,2024-05-08 15:29:46.145,false
key_622,str_622,122.123456789,122,2024-05-09 15:29:46.145,true
key_623,str_623,123.123456789,123,2024-05-10 15:29:46.145,false
key_624,str_624,124.123456789,124,2024-05-11 15:29:46.145,true
key_625,str_625,125.123456789,125,2024-05-12 15:29:46.145,false
key_626,str_626,126.123456789,126,2024-05-13 15:29:46.145,true
key_627,str_627,127.123456789,127,2024-05-14 15:29:46.145,false
key_628,str_628,128.123456789,128,2024-05-15 15:29:46.145,true
key_629,str_629,129.123456789,129,2024-05-16 15:29:46.145,false
key_630,str_630,130.123456789,130,2024-05-17 15:29:46.145,true
key_631,str_631,131.123456789,131,2024-05-18 15:29:46.145,false
key_632,str_632,132.123456789,132,2024-05-19 15:29:46.145,true
key_633,str_633,133.123456789,133,2024-05-20 15:29:46.145,false
key_634,str_634,134.123456789,134,2024-05-21 15:29:46.145,true
key_635,str_635,135.123456789,135,2024-05-22 15:29:46.145,false
key_636,str_636,136.123456789,136,2024-05-23 15:29:46.145,true
key_637,str_637,137.123456789,137,2024-05-24 15:29:46.145,false
key_638,str_638,138.123456789,138,2024-05-25 15:29:46.145,true
key_639,str_639,139.123456789,139,2024-05-26 15:29:46.145,false
key_640,str_640,140.123456789,140,2024-05-27 15:29:46.145,true
key_641,str_641,141.123456789,141,2024-05-28 15:29:46.145,false
key_642,str_642,142.123456789,142,2024-05-29 15:29:46.145,true
key_643,str_643,143.123456789,143,2024-05-30 15:29:46.145,false
key_644,str_644,144.123456789,144,2024-05-31 15:29:46.145,true
key_645,str_645,145.123456789,145,2024-06-01 15:29:46.145,false
key_646,str_646,146.123456789,146,2024-06-02 15:29:46.145,true
key_647,str_647,147.123456789,147,2024-06-03 15:29:46.145,false
key_648,str_648,148.123456789,148,2024-06-04 15:29:46.145,true
key_649,str_649,149.123456789,149,2024-06-05 15:29:46.145,false
key_650,str_650,150.123456789,150,2024-06-06 15:29:46.145,true
key_651,str_651,151.123456789,151,2024-06-07 15:29:46.145,false
key_652,str_652,152.123456789,152,2024-06-08 15:29:46.145,true
key_653,str_653,153.123456789,153,2024-06-09 15:29:46.145,false
key_654,str_654,154.123456789,154,2024-06-10 15:29:46.145,true
key_655,str_655,155.123456789,155,2024-06-11 15:29:46.145,false
key_656,str_656,156.123456789,156,2024-06-12 15:29:46.145,true
key_657,str_657,157.123456789,157,2024-06-13 15:29:46.145,false
key_658,str_658,158.123456789,158,2024-06-14 15:29:46.145,true
key_659,str_659,159.123456789,159,2024-06-15 15:29:46.145,false
key_660,str_660,160.123456789,160,2024-06-16 15:29:46.145,true
key_661,str_661,161.123456789,161,2024-06-17 15:29:46.145,false
key_662,str_662,162.123456789,162,2024-06-18 15:29:46.145,true
key_663,str_663,163.123456789,163,2024-06-19 15:29:46.145,false
key_664,str_664,164.123456789,164,2024-06-20 15:29:46.145,true
key_665,str_665,165.123456789,165,2024-06-21 15:29:46.145,false
key_666,str_666,166.123456789,166,2024-06-22 15:29:46.145,true
key_667,str_667,167.123456789,167,2024-06-23 15:29:46.145,false
key_668,str_668,168.123456789,168,2024-06-24 15:29:46.145,true
key_669,str_669,169.123456789,169,2024-06-25 15:29:46.145,false
key_670,str_670,170.123456789,170,2024-06-26 15:29:46.145,true
key_671,str_671,171.123456789,171,2024-06-27 15:29:46.145,false
key_672,str_672,172.123456789,172,2024-06-28 15:29:46.145,true
key_673,str_673,173.123456789,173,2024-06-29 15:29:46.145,false
key_674,str_674,174.123456789,174,2024-06-30 15:29:46.145,true
key_675,str_675,175.123456789,175,2024-07-01 15:29:46.145,false
key_676,str_676,176.123456789,176,2024-07-02 15:29:46.145,true
key_677,str_677,177.123456789,177,2024-07-03 15:29:46.145,false
key_678,str_678,178.123456789,178,2024-07-04 15:29:46.145,true
key_679,str_679,179.123456789,179,2024-07-05 15:29:46.145,false
key_680,str_680,180.123456789,180,2024-07-06 15:29:46.145,true
key_681,str_681,181.123456789,181,2024-07-07 15:29:46.145,false
key_682,str_682,182.123456789,182,2024-07-08 15:29:46.145,true
key_683,str_683,183.123456789,183,2024-07-09 15:29:46.145,false
key_684,str_684,184.123456789,184,2024-07-10 15:29:46.145,true
key_685,str_685,185.123456789,185,2024-07-11 15:29:46.145,false
key_686,str_686,186.123456789,186,2024-07-12 15:29:46.145,true
key_687,str_687,187.123456789,187,2024-07-13 15:29:46.145,false
key_688,str_688,188.123456789,188,2024-07-14 15:29:46.145,true
key_689,str_689,189.123456789,189,2024-07-15 15:29:46.145,false
key_690,str_690,190.123456789,190,2024-07-16 15:29:46.145,true
key_691,str_691,191.123456789,191,2024-07-17 15:29:46.145,false
key_692,str_692,192.123456789,192,2024-07-18 15:29:46.145,true
key_693,str_693,193.123456789,193,2024-07-19 15:29:46.145,false
key_694,str_694,194.123456789,194,2024-07-20 15:29:46.145,true
key_695,str_695,195.123456789,195,2024-07-21 15:29:46.145,false
key_696,str_696,196.123456789,196,2024-07-22 15:29:46.145,true
key_697,str_697,197.123456789,197,2024-07-23 15:29:46.145,false
key_698,str_698,198.123456789,198,2024-07-24 15:29:46.145,true
key_699,str_699,199.123456789,199,2024-07-25 15:29:46.145,false
key_700,str_700,200.123456789,200,2024-07-26 15:29:46.145,true
key_701,str_701,201.123456789,201,2024-07-27 15:29:46.145,false
key_702,str_702,202.123456789,202,2024-07-28 15:29:46.145,true
key_703,str_703,203.123456789,203,2024-07-29 15:29:46.145,false
key_704,str_704,204.123456789,204,2024-07-30 15:29:46.145,true
key_705,str_705,205.123456789,205,2024-07-31 15:29:46.145,false
key_706,str_706,206.123456789,206,2024-08-01 15:29:46.145,true
key_707,str_707,207.123456789,207,2024-08-02 15:29:46.145,false
key_708,str_708,208.123456789,208,2024-08-03 15:29:46.145,true
key_709,str_709,209.123456789,209,2024-08-04 15:29:46.145,false
key_710,str_710,210.123456789,210,2024-08-05 15:29:46.145,true
key_711,str_711,211.123456789,211,2024-08-06 15:29:46.145,false
key_712,str_712,212.123456789,212,2024-08-07 15:29:46.145,true
key_713,str_713,213.123456789,213,2024-08-08 15:29:46.145,false
key_714,str_714,214.123456789,214,2024-08-09 15:29:46.145,true
key_715,str_715,215.123456789,215,2024-08-10 15:29:46.145,false
key_716,str_716,216.123456789,216,2024-08-11 15:29:46.145,true
key_717,str_717,217.123456789,217,2024-08-12 15:29:46.145,false
key_718,str_718,218.123456789,218,2024-08-13 15:29:46.145,true
key_719,str_719,219.123456789,219,2024-08-14 15:29:46.145,false
key_720,str_720,220.123456789,220,2024-08-15 15:29:46.145,true
key_721,str_721,221.123456789,221,2024-08-16 15:29:46.145,false
key_722,str_722,222.123456789,222,2024-08-17 15:29:46.145,true
key_723,str_723,223.123456789,223,2024-08-18 15:29:46.145,false
key_724,str_724,224.123456789,224,2024-08-19 15:29:46.145,true
key_725,str_725,225.123456789,225,2024-08-20 15:29:46.145,false
key_726,str_726,226.123456789,226,2024-08-21 15:29:46.145,true
key_727,str_727,227.123456789,227,2024-08-22 15:29:46.145,false
key_728,str_728,228.123456789,228,2024-08-23 15:29:46.145,true
key_729,str_729,229.123456789,229,2024-08-24 15:29:46.145,false
key_730,str_730,230.123456789,230,2024-08-25 15:29:46.145,true
key_731,str_731,231.123456789,231,2024-08-26 15:29:46.145,false
key_732,str_732,232.123456789,232,2024-08-27 15:29:46.145,true
key_733,str_733,233.123456789,233,2024-08-28 15:29:46.145,false
key_734,str_734,234.123456789,234,2024-08-29 15:29:46.145,true
key_735,str_735,235.123456789,235,2024-08-30 15:29:46.145,false
key_736,str_736,236.123456789,236,2024-08-31 15:29:46.145,true
key_737,str_737,237.123456789,237,2024-09-01 15:29:46.145,false
key_738,str_738,238.123456789,238,2024-09-02 15:29:46.145,true
key_739,str_739,239.123456789,239,2024-09-03 15:29:46.145,false
key_740,str_740,240.123456789,240,2024-09-04 15:29:46.145,true
key_741,str_741,241.123456789,241,2024-09-05 15:29:46.145,false
key_742,str_742,242.123456789,242,2024-09-06 15:29:46.145,true
key_743,str_743,243.123456789,243,2024-09-07 15:29:46.145,false
key_744,str_744,244.123456789,244,2024-09-08 15:29:46.145,true
key_745,str_745,245.123456789,245,2024-09-09 15:29:46.145,false
key_746,str_746,246.123456789,246,2024-09-10 15:29:46.145,true
key_747,str_747,247.123456789,247,2024-09-11 15:29:46.145,false
key_748,str_748,248.123456789,248,2024-09-12 15:29:46.145,true
key_749,str_749,249.123456789,249,2024-09-13 15:29:46.145,false
key_750,str_750,250.123456789,250,2024-09-14 15:29:46.145,true
key_751,str_751,251.123456789,251,2024-09-15 15:29:46.145,false
key_752,str_752,252.123456789,252,2024-09-16 15:29:46.145,true
key_753,str_753,253.123456789,253,2024-09-17 15:29:46.145,false
key_754,str_754,254.123456789,254,2024-09-18 15:29:46.145,true
key_755,str_755,255.123456789,255,2024-09-19 15:29:46.145,false
key_756,str_756,256.123456789,256,2024-09-20 15:29:46.145,true
key_757,str_757,257.123456789,257,2024-09-21 15:29:46.145,false
key_758,str_758,258.123456789,258,2024-09-22 15:29:46.145,true
key_759,str_759,259.123456789,259,2024-09-23 15:29:46.145,false
key_760,str_760,260.123456789,260,2024-09-24 15:29:46.145,true
key_761,str_761,261.123456789,261,2024-09-25 15:29:46.145,false
key_762,str_762,262.123456789,262,2024-09-26 15:29:46.145,true
key_763,str_763,263.123456789,263,2024-09-27 15:29:46.145,false
key_764,str_764,264.123456789,264,2024-09-28 15:29:46.145,true
key_765,str_765,265.123456789,265,2024-09-29 15:29:46.145,false
key_766,str_766,266.123456789,266,2024-09-30 15:29:46.145,true
key_767,str_767,267.123456789,267,2024-10-01 15:29:46.145,false
key_768,str_768,268.123456789,268,2024-10-02 15:29:46.145,true
key_769,str_769,269.123456789,269,2024-10-03 15:29:46.145,false
key_770,str_770,270.123456789,270,2024-10-04 15:29:46.145,true
key_771,str_771,271.123456789,271,2024-10-05 15:29:46.145,false
key_772,str_772,272.123456789,272,2024-10-06 15:29:46.145,true
key_773,str_773,273.123456789,273,2024-10-07 15:29:46.145,false
key_774,str_774,274.123456789,274,2024-10-08 15:29:46.145,true
key_775,str_775,275.123456789,275,2024-10-09 15:29:46.145,false
key_776,str_776,276.123456789,276,2024-10-10 15:29:46.145,true
key_777,str_777,277.123456789,277,2024-10-11 15:29:46.145,false
key_778,str_778,278.123456789,278,2024-10-12 15:29:46.145,true
key_779,str_779,279.123456789,279,2024-10-13 15:29:46.145,false
key_780,str_780,280.123456789,280,2024-10-14 15:29:46.145,true
key_781,str_781,281.123456789,281,2024-10-15 15:29:46.145,false
key_782,str_782,282.123456789,282,2024-10-16 15:29:46.145,true
key_783,str_783,283.123456789,283,2024-10-17 15:29:46.145,false
key_784,str_784,284.123456789,284,2024-10-18 15:29:46.145,true
key_785,str_785,285.123456789,285,2024-10-19 15:29:46.145,false
key_786,str_786,286.123456789,286,2024-10-20 15:29:46.145,true
key_787,str_787,287.123456789,287,2024-10-21 15:29:46.145,false
key_788,str_788,288.123456789,288,2024-10-22 15:29:46.145,true
key_789,str_789,289.123456789,289,2024-10-23 15:29:46.145,false
key_790,str_790,290.123456789,290,2024-10-24 15:29:46.145,true
key_791,str_791,291.123456789,291,2024-10-25 15:29:46.145,false
key_792,str_792,292.123456789,292,2024-10-26 15:29:46.145,true
key_793,str_793,293.123456789,293,2024-10-27 15:29:46.145,false
key_794,str_794,294.123456789,294,2024-10-28 15:29:46.145,true
key_795,str_795,295.123456789,295,2024-10-29 15:29:46.145,false
key_796,str_796,296.123456789,296,2024-10-30 15:29:46.145,true
key_797,str_797,297.123456789,297,2024-10-31 15:29:46.145,false
key_798,str_798,298.123456789,298,2024-11-01 15:29:46.145,true
key_799,str_799,299.123456789,299,2024-11-02 15:29:46.145,false
key_800,str_800,300.123456789,300,2024-11-03 15:29:46.145,true
key_801,str_801,301.123456789,301,2024-11-04 15:29:46.146,false
key_802,str_802,302.123456789,302,2024-11-05 15:29:46.146,true
key_803,str_803,303.123456789,303,2024-11-06 15:29:46.146,false
key_804,str_804,304.123456789,304,2024-11-07 15:29:46.146,true
key_805,str_805,305.123456789,305,2024-11-08 15:29:46.146,false
key_806,str_806,306.123456789,306,2024-11-09 15:29:46.146,true
key_807,str_807,307.123456789,307,2024-11-10 15:29:46.146,false
key_808,str_808,308.123456789,308,2024-11-11 15:29:46.146,true
key_809,str_809,309.123456789,309,2024-11-12 15:29:46.146,false
key_810,str_810,310.123456789,310,2024-11-13 15:29:46.146,true
key_811,str_811,311.123456789,311,2024-11-14 15:29:46.146,false
key_812,str_812,312.123456789,312,2024-11-15 15:29:46.146,true
key_813,str_813,313.123456789,313,2024-11-16 15:29:46.146,false
key_814,str_814,314.123456789,314,2024-11-17 15:29:46.146,true
key_815,str_815,315.123456789,315,2024-11-18 15:29:46.146,false
key_816,str_816,316.123456789,316,2024-11-19 15:29:46.146,true
key_817,str_817,317.123456789,317,2024-11-20 15:29:46.146,false
key_818,str_818,318.123456789,318,2024-11-21 15:29:46.146,true
key_819,str_819,319.123456789,319,2024-11-22 15:29:46.146,false
key_820,str_820,320.123456789,320,2024-11-23 15:29:46.146,true
key_821,str_821,321.123456789,321,2024-11-24 15:29:46.146,false
key_822,str_822,322.123456789,322,2024-11-25 15:29:46.146,true
key_823,str_823,323.123456789,323,2024-11-26 15:29:46.146,false
key_824,str_824,324.123456789,324,2024-11-27 15:29:46.146,true
key_825,str_825,325.123456789,325,2024-11-28 15:29:46.146,false
key_826,str_826,326.123456789,326,2024-11-29 15:29:46.146,true
key_827,str_827,327.123456789,327,2024-11-30 15:29:46.146,false
key_828,str_828,328.123456789,328,2024-12-01 15:29:46.146,true
key_829,str_829,329.123456789,329,2024-12-02 15:29:46.146,false
key_830,str_830,330.123456789,330,2024-12-03 15:29:46.146,true
key_831,str_831,331.123456789,331,2024-12-04 15:29:46.146,false
key_832,str_832,332.123456789,332,2024-12-05 15:29:46.146,true
key_833,str_833,333.123456789,333,2024-12-06 15:29:46.146,false
key_834,str_834,334.123456789,334,2024-12-07 15:29:46.146,true
key_835,str_835,335.123456789,335,2024-12-08 15:29:46.146,false
key_836,str_836,336.123456789,336,2024-12-09 15:29:46.146,true
key_837,str_837,337.123456789,337,2024-12-10 15:29:46.146,false
key_838,str_838,338.123456789,338,2024-12-11 15:29:46.146,true
key_839,str_839,339.123456789,339,2024-12-12 15:29:46.146,false
key_840,str_840,340.123456789,340,2024-12-13 15:29:46.146,true
key_841,str_841,341.123456789,341,2024-12-14 15:29:46.146,false
key_842,str_842,342.123456789,342,2024-12-15 15:29:46.146,true
key_843,str_843,343.123456789,343,2024-12-16 15:29:46.146,false
key_844,str_844,344.123456789,344,2024-12-17 15:29:46.146,true
key_845,str_845,345.123456789,345,2024-12-18 15:29:46.146,false
key_846,str_846,346.123456789,346,2024-12-19 15:29:46.146,true
key_847,str_847,347.123456789,347,2024-12-20 15:29:46.146,false
key_848,str_848,348.123456789,348,2024-12-21 15:29:46.146,true
key_849,str_849,349.123456789,349,2024-12-22 15:29:46.146,false
key_850,str_850,350.123456789,350,2024-12-23 15:29:46.146,true
key_851,str_851,351.123456789,351,2024-12-24 15:29:46.146,false
key_852,str_852,352.123456789,352,2024-12-25 15:29:46.146,true
key_853,str_853,353.123456789,353,2024-12-26 15:29:46.146,false
key_854,str_854,354.123456789,354,2024-12-27 15:29:46.146,true
key_855,str_855,355.123456789,355,2024-12-28 15:29:46.146,false
key_856,str_856,356.123456789,356,2024-12-29 15:29:46.146,true
key_857,str_857,357.123456789,357,2024-12-30 15:29:46.146,false
key_858,str_858,358.123456789,358,2024-12-31 15:29:46.146,true
key_859,str_859,359.123456789,359,2025-01-01 15:29:46.146,false
key_860,str_860,360.123456789,360,2025-01-02 15:29:46.146,true
key_861,str_861,361.123456789,361,2025-01-03 15:29:46.146,false
key_862,str_862,362.123456789,362,2025-01-04 15:29:46.146,true
key_863,str_863,363.123456789,363,2025-01-05 15:29:46.146,false
key_864,str_864,364.123456789,364,2025-01-06 15:29:46.146,true
key_865,str_865,365.123456789,365,2025-01-07 15:29:46.146,false
key_866,str_866,366.123456789,366,2025-01-08 15:29:46.146,true
key_867,str_867,367.123456789,367,2025-01-09 15:29:46.146,false
key_868,str_868,368.123456789,368,2025-01-10 15:29:46.146,true
key_869,str_869,369.123456789,369,2025-01-11 15:29:46.146,false
key_870,str_870,370.123456789,370,2025-01-12 15:29:46.146,true
key_871,str_871,371.123456789,371,2025-01-13 15:29:46.146,false
key_872,str_872,372.123456789,372,2025-01-14 15:29:46.146,true
key_873,str_873,373.123456789,373,2025-01-15 15:29:46.146,false
key_874,str_874,374.123456789,374,2025-01-16 15:29:46.146,true
key_875,str_875,375.123456789,375,2025-01-17 15:29:46.146,false
key_876,str_876,376.123456789,376,2025-01-18 15:29:46.146,true
key_877,str_877,377.123456789,377,2025-01-19 15:29:46.146,false
key_878,str_878,378.123456789,378,2025-01-20 15:29:46.146,true
key_879,str_879,379.123456789,379,2025-01-21 15:29:46.146,false
key_880,str_880,380.123456789,380,2025-01-22 15:29:46.146,true
key_881,str_881,381.123456789,381,2025-01-23 15:29:46.146,false
key_882,str_882,382.123456789,382,2025-01-24 15:29:46.146,true
key_883,str_883,383.123456789,383,2025-01-25 15:29:46.146,false
key_884,str_884,384.123456789,384,2025-01-26 15:29:46.146,true
key_885,str_885,385.123456789,385,2025-01-27 15:29:46.146,false
key_886,str_886,386.123456789,386,2025-01-28 15:29:46.146,true
key_887,str_887,387.123456789,387,2025-01-29 15:29:46.146,false
key_888,str_888,388.123456789,388,2025-01-30 15:29:46.146,true
key_889,str_889,389.123456789,389,2025-01-31 15:29:46.146,false
key_890,str_890,390.123456789,390,2025-02-01 15:29:46.146,true
key_891,str_891,391.123456789,391,2025-02-02 15:29:46.146,false
key_892,str_892,392.123456789,392,2025-02-03 15:29:46.146,true
key_893,str_893,393.123456789,393,2025-02-04 15:29:46.146,false
key_894,str_894,394.123456789,394,2025-02-05 15:29:46.146,true
key_895,str_895,395.123456789,395,2025-02-06 15:29:46.146,false
key_896,str_896,396.123456789,396,2025-02-07 15:29:46.146,true
key_897,str_897,397.123456789,397,2025-02-08 15:29:46.146,false
key_898,str_898,398.123456789,398,2025-02-09 15:29:46.146,true
key_899,str_899,399.123456789,399,2025-02-10 15:29:46.146,false
key_900,str_900,400.123456789,400,2025-02-11 15:29:46.146,true
key_901,str_901,401.123456789,401,2025-02-12 15:29:46.146,false
key_902,str_902,402.123456789,402,2025-02-13 15:29:46.146,true
key_903,str_903,403.123456789,403,2025-02-14 15:29:46.146,false
key_904,str_904,404.123456789,404,2025-02-15 15:29:46.146,true
key_905,str_905,405.123456789,405,2025-02-16 15:29:46.146,false
key_906,str_906,406.123456789,406,2025-02-17 15:29:46.146,true
key_907,str_907,407.123456789,407,2025-02-18 15:29:46.146,false
key_908,str_908,408.123456789,408,2025-02-19 15:29:46.146,true
key_909,str_909,409.123456789,409,2025-02-20 15:29:46.146,false
key_910,str_910,410.123456789,410,2025-02-21 15:29:46.146,true
key_911,str_911,411.123456789,411,2025-02-22 15:29:46.146,false
key_912,str_912,412.123456789,412,2025-02-23 15:29:46.146,true
key_913,str_913,413.123456789,413,2025-02-24 15:29:46.146,false
key_914,str_914,414.123456789,414,2025-02-25 15:29:46.147,true
key_915,str_915,415.123456789,415,2025-02-26 15:29:46.147,false
key_916,str_916,416.123456789,416,2025-02-27 15:29:46.147,true
key_917,str_917,417.123456789,417,2025-02-28 15:29:46.147,false
key_918,str_918,418.123456789,418,2025-03-01 15:29:46.147,true
key_919,str_919,419.123456789,419,2025-03-02 15:29:46.147,false
key_920,str_920,420.123456789,420,2025-03-03 15:29:46.147,true
key_921,str_921,421.123456789,421,2025-03-04 15:29:46.147,false
key_922,str_922,422.123456789,422,2025-03-05 15:29:46.147,true
key_923,str_923,423.123456789,423,2025-03-06 15:29:46.147,false
key_924,str_924,424.123456789,424,2025-03-07 15:29:46.147,true
key_925,str_925,425.123456789,425,2025-03-08 15:29:46.147,false
key_926,str_926,426.123456789,426,2025-03-09 15:29:46.147,true
key_927,str_927,427.123456789,427,2025-03-10 15:29:46.147,false
key_928,str_928,428.123456789,428,2025-03-11 15:29:46.147,true
key_929,str_929,429.123456789,429,2025-03-12 15:29:46.147,false
key_930,str_930,430.123456789,430,2025-03-13 15:29:46.147,true
key_931,str_931,431.123456789,431,2025-03-14 15:29:46.147,false
key_932,str_932,432.123456789,432,2025-03-15 15:29:46.147,true
key_933,str_933,433.123456789,433,2025-03-16 15:29:46.147,false
key_934,str_934,434.123456789,434,2025-03-17 15:29:46.147,true
key_935,str_935,435.123456789,435,2025-03-18 15:29:46.147,false
key_936,str_936,436.123456789,436,2025-03-19 15:29:46.147,true
key_937,str_937,437.123456789,437,2025-03-20 15:29:46.147,false
key_938,str_938,438.123456789,438,2025-03-21 15:29:46.147,true
key_939,str_939,439.123456789,439,2025-03-22 15:29:46.147,false
key_940,str_940,440.123456789,440,2025-03-23 15:29:46.147,true
key_941,str_941,441.123456789,441,2025-03-24 15:29:46.147,false
key_942,str_942,442.123456789,442,2025-03-25 15:29:46.147,true
key_943,str_943,443.123456789,443,2025-03-26 15:29:46.147,false
key_944,str_944,444.123456789,444,2025-03-27 15:29:46.147,true
key_945,str_945,445.123456789,445,2025-03-28 15:29:46.147,false
key_946,str_946,446.123456789,446,2025-03-29 15:29:46.147,true
key_947,str_947,447.123456789,447,2025-03-30 15:29:46.147,false
key_948,str_948,448.123456789,448,2025-03-31 15:29:46.147,true
key_949,str_949,449.123456789,449,2025-04-01 15:29:46.147,false
key_950,str_950,450.123456789,450,2025-04-02 15:29:46.147,true
key_951,str_951,451.123456789,451,2025-04-03 15:29:46.147,false
key_952,str_952,452.123456789,452,2025-04-04 15:29:46.147,true
key_953,str_953,453.123456789,453,2025-04-05 15:29:46.147,false
key_954,str_954,454.123456789,454,2025-04-06 15:29:46.147,true
key_955,str_955,455.123456789,455,2025-04-07 15:29:46.147,false
key_956,str_956,456.123456789,456,2025-04-08 15:29:46.147,true
key_957,str_957,457.123456789,457,2025-04-09 15:29:46.147,false
key_958,str_958,458.123456789,458,2025-04-10 15:29:46.147,true
key_959,str_959,459.123456789,459,2025-04-11 15:29:46.147,false
key_960,str_960,460.123456789,460,2025-04-12 15:29:46.147,true
key_961,str_961,461.123456789,461,2025-04-13 15:29:46.147,false
key_962,str_962,462.123456789,462,2025-04-14 15:29:46.147,true
key_963,str_963,463.123456789,463,2025-04-15 15:29:46.147,false
key_964,str_964,464.123456789,464,2025-04-16 15:29:46.147,true
key_965,str_965,465.123456789,465,2025-04-17 15:29:46.147,false
key_966,str_966,466.123456789,466,2025-04-18 15:29:46.147,true
key_967,str_967,467.123456789,467,2025-04-19 15:29:46.147,false
key_968,str_968,468.123456789,468,2025-04-20 15:29:46.147,true
key_969,str_969,469.123456789,469,2025-04-21 15:29:46.147,false
key_970,str_970,470.123456789,470,2025-04-22 15:29:46.147,true
key_971,str_971,471.123456789,471,2025-04-23 15:29:46.147,false
key_972,str_972,472.123456789,472,2025-04-24 15:29:46.147,true
key_973,str_973,473.123456789,473,2025-04-25 15:29:46.147,false
key_974,str_974,474.123456789,474,2025-04-26 15:29:46.147,true
key_975,str_975,475.123456789,475,2025-04-27 15:29:46.147,false
key_976,str_976,476.123456789,476,2025-04-28 15:29:46.147,true
key_977,str_977,477.123456789,477,2025-04-29 15:29:46.147,false
key_978,str_978,478.123456789,478,2025-04-30 15:29:46.147,true
key_979,str_979,479.123456789,479,2025-05-01 15:29:46.147,false
key_980,str_980,480.123456789,480,2025-05-02 15:29:46.147,true
key_981,str_981,481.123456789,481,2025-05-03 15:29:46.147,false
key_982,str_982,482.123456789,482,2025-05-04 15:29:46.147,true
key_983,str_983,483.123456789,483,2025-05-05 15:29:46.147,false
key_984,str_984,484.123456789,484,2025-05-06 15:29:46.147,true
key_985,str_985,485.123456789,485,2025-05-07 15:29:46.147,false
key_986,str_986,486.123456789,486,2025-05-08 15:29:46.147,true
key_987,str_987,487.123456789,487,2025-05-09 15:29:46.147,false
key_988,str_988,488.123456789,488,2025-05-10 15:29:46.147,true
key_989,str_989,489.123456789,489,2025-05-11 15:29:46.147,false
key_990,str_990,490.123456789,490,2025-05-12 15:29:46.147,true
key_991,str_991,491.123456789,491,2025-05-13 15:29:46.147,false
key_992,str_992,492.123456789,492,2025-05-14 15:29:46.147,true
key_993,str_993,493.123456789,493,2025-05-15 15:29:46.147,false
key_994,str_994,494.123456789,494,2025-05-16 15:29:46.147,true
key_995,str_995,495.123456789,495,2025-05-17 15:29:46.147,false
key_996,str_996,496.123456789,496,2025-05-18 15:29:46.147,true
key_997,str_997,497.123456789,497,2025-05-19 15:29:46.147,false
key_998,str_998,498.123456789,498,2025-05-20 15:29:46.147,true
key_999,str_999,499.123456789,499,2025-05-21 15:29:46.147,false
